{"cameraMode":{"drawMode":0,"name":"Shaded","section":"Shading Mode"},"sceneLighting":true,"audioPlay":false,"sceneViewState":{"showFog":true,"showMaterialUpdate":false,"showSkybox":true,"showFlares":true,"showImageEffects":true,"showParticleSystems":true},"in2DMode":false,"pivot":{"x":-25.896671295166017,"y":-51.57630157470703,"z":-3.3276309967041017},"rotation":{"x":-0.28352272510528567,"y":0.6907334327697754,"z":-0.3439454138278961,"w":-0.5693889856338501},"size":181.38514709472657,"orthographic":false}